Date,Time,HomeTeam,AwayTeam,FTHG,FTAG,FTR,Wins,Draws,Losses,Points,Goal Difference,Position,Home Expected,Away Expected,Side Home Expected,Side Away Expected,Form Home Expected,Form Away Expected,Away Wins,Away Draws,Away Losses,Away Points,Away Goal Difference,Away Position,League Home Goals Avg,League Away Goals Avg,Home Off Performance,Away Off Performance,Side Home Off Performance,Side Away Off Performance,Form Home Off Performance,Form Away Off Performance,Home Def Performance,Away Def Performance,Side Home Def Performance,Side Away Def Performance,Form Home Def Performance,Form Away Def Performance
2022-10-01,14:00,Napoli,Torino,3,1,H,1.0,0.5,0.0,1.0,1.0,0.05263157894736842,1.5714285714285712,0.7857142857142858,1.75,0.7916666666666666,1.2000000000000002,0.7,0.6000000000000001,0.25,0.6000000000000001,0.5333333333333333,0.45,0.42105263157894735,1.4,1.0285714285714285,0.6863312126470021,0.6666666666666666,1.6000000000000003,1.1666666666666667,0.7670329670329671,0.6666666666666666,0.6277777777777779,1.231666666666667,0.3333333333333333,1.3571428571428572,0.6777777777777778,1.213888888888889
2022-10-01,17:00,Inter,Roma,1,2,A,0.8,0.0,0.6000000000000001,0.6666666666666667,0.6,0.3157894736842105,1.4285714285714284,1.357142857142857,1.9166666666666667,0.6666666666666666,1.5,1.6,0.8,0.25,0.4,0.7333333333333334,0.55,0.2631578947368421,1.4,1.0285714285714285,0.9583333333333334,1.090909090909091,1.542857142857143,1.6071428571428572,0.9916666666666666,1.090909090909091,1.7314285714285713,1.7055555555555553,0.3333333333333333,2.3974358974358974,1.7243697478991595,1.6984126984126982
2022-10-01,19:45,Empoli,Milan,1,3,A,0.2,1.0,0.4,0.33333333333333337,0.45,0.6842105263157894,1.0,1.4285714285714286,0.6666666666666666,1.0,1.0999999999999999,1.4,0.8,0.5,0.2,0.8,0.75,0.15789473684210525,1.4,1.0285714285714285,1.6103174603174601,0.9605263157894737,0.9743589743589745,1.222222222222222,1.6055555555555554,1.0105263157894737,1.4036363636363638,0.8050125313283207,1.8095238095238095,1.1333333333333335,1.4036363636363638,0.8857142857142858
2022-10-02,11:30,Lazio,Spezia,4,0,H,0.6666666666666666,0.5,0.2,0.6666666666666665,0.8181818181818182,0.2631578947368421,1.7142857142857144,0.8571428571428572,2.0,0.5,1.9000000000000004,0.9999999999999999,0.3333333333333333,0.5,0.6000000000000001,0.3333333333333333,0.27272727272727276,0.5789473684210527,1.4109589041095891,1.0684931506849316,1.8421318447634234,1.0555555555555556,1.476190476190476,0.0,1.9082972582972584,1.0632478632478632,0.9794871794871793,1.2665201465201466,0.7023809523809523,1.4000000000000001,0.9794871794871793,1.235750915750916
2022-10-02,14:00,Lecce,Cremonese,1,1,D,0.16666666666666666,0.75,0.6000000000000001,0.2222222222222222,0.36363636363636365,0.7894736842105263,1.4285714285714286,0.9285714285714284,1.5,1.1666666666666667,1.5,0.7999999999999999,0.0,0.5,1.0,0.0,0.04545454545454547,1.0,1.4109589041095891,1.0684931506849316,1.3050000000000002,0.7714285714285714,0.8148148148148149,1.0,1.325,0.7714285714285714,0.9189743589743589,1.1830409356725144,1.4444444444444444,1.4153846153846155,0.9118315018315017,1.249206349206349
2022-10-02,14:00,Sampdoria,Monza,0,3,A,0.0,0.5,1.0,0.0,0.04545454545454547,0.9473684210526316,1.2857142857142856,1.2142857142857144,1.5833333333333333,0.7916666666666666,1.2000000000000002,1.4000000000000001,0.16666666666666666,0.25,1.0,0.1111111111111111,0.0,0.894736842105263,1.4109589041095891,1.0684931506849316,1.248107448107448,0.7528571428571429,0.8500000000000001,0.4444444444444444,1.217338217338217,0.7433333333333333,2.5105263157894737,0.8300505050505051,1.6666666666666665,1.8814814814814815,2.5182186234817814,0.8300505050505051
2022-10-02,14:00,Sassuolo,Salernitana,5,0,H,0.3333333333333333,0.75,0.4,0.3888888888888889,0.31818181818181823,0.47368421052631576,0.9285714285714285,1.2857142857142858,0.8333333333333334,1.0,1.1,1.5,0.16666666666666666,1.0,0.4,0.27777777777777773,0.5454545454545455,0.631578947368421,1.4109589041095891,1.0684931506849316,0.89,2.727777777777778,0.5555555555555555,2.2666666666666666,0.8722222222222221,2.7206349206349207,0.8285714285714285,2.043636363636364,1.0,1.2,0.8285714285714285,2.0636363636363635
2022-10-02,17:00,Atalanta,Fiorentina,1,0,H,0.8333333333333333,0.5,0.0,0.8333333333333333,0.8181818181818182,0.10526315789473684,1.2142857142857144,0.7142857142857142,1.3333333333333335,0.6666666666666666,1.1999999999999997,0.6000000000000001,0.3333333333333333,0.75,0.4,0.3888888888888889,0.5,0.5263157894736843,1.4109589041095891,1.0684931506849316,1.1277777777777778,0.8666666666666668,1.4871794871794872,0.6666666666666666,1.1206349206349207,1.0666666666666669,0.5733333333333334,0.8222222222222223,0.8888888888888888,1.222222222222222,0.5733333333333334,0.8222222222222223
2022-10-02,19:45,Juventus,Bologna,3,0,H,0.3333333333333333,1.0,0.2,0.4444444444444445,0.6363636363636365,0.3684210526315789,1.3571428571428572,0.8571428571428572,2.0,0.875,1.3000000000000003,1.0,0.16666666666666666,0.75,0.6000000000000001,0.2222222222222222,0.31818181818181823,0.736842105263158,1.4109589041095891,1.0684931506849316,1.0747474747474748,1.1644444444444446,1.5166666666666666,1.222222222222222,1.0747474747474748,1.1644444444444446,1.5873015873015874,1.0269841269841269,1.7,1.2698412698412698,1.577777777777778,1.0222222222222221
2022-10-03,19:45,Verona,Udinese,1,2,A,0.16666666666666666,0.5,0.6666666666666666,0.16666666666666669,0.20833333333333337,0.894736842105263,0.9285714285714285,1.9999999999999996,1.6666666666666665,2.333333333333333,0.5999999999999999,1.9999999999999996,0.8333333333333333,0.25,0.16666666666666666,0.7777777777777777,0.8333333333333333,0.2631578947368421,1.481012658227848,1.0379746835443038,0.5309090909090909,2.2552380952380955,0.9333333333333332,2.0,0.5309090909090909,2.2481792717086835,0.9666666666666666,0.5433333333333332,1.9841269841269842,1.688888888888889,1.1666666666666665,0.5766666666666667
2022-10-08,14:00,Sassuolo,Inter,1,2,A,0.5,0.75,0.3333333333333333,0.5555555555555556,0.5833333333333334,0.3684210526315789,1.4375,1.375,2.125,1.125,1.5999999999999996,1.1000000000000003,0.6666666666666666,0.0,0.6666666666666666,0.5555555555555556,0.5416666666666666,0.42105263157894735,1.475,1.05,1.566923076923077,0.9650000000000001,1.9166666666666665,1.3666666666666667,1.381313131313131,0.9916666666666666,0.42857142857142855,1.2261654135338347,0.75,1.425,0.42857142857142855,1.1743697478991595
2022-10-08,17:00,Milan,Juventus,2,0,H,0.8333333333333333,0.5,0.16666666666666666,0.8333333333333333,0.7916666666666666,0.15789473684210525,1.3125,1.3125,1.5833333333333333,0.9166666666666666,1.2999999999999998,1.4,0.5,1.0,0.16666666666666666,0.6111111111111112,0.7916666666666666,0.3157894736842105,1.475,1.05,1.1805263157894736,1.2501860712387027,1.5916666666666668,0.6666666666666666,1.2390977443609021,1.2696192696192696,1.0050125313283207,1.1873015873015873,1.1727272727272728,1.0158730158730158,1.0675324675324676,1.1777777777777778
2022-10-08,19:45,Bologna,Sampdoria,1,1,D,0.16666666666666666,0.75,0.6666666666666666,0.2222222222222222,0.25,0.8421052631578947,1.4375,1.0625,1.8333333333333333,0.8333333333333333,1.5000000000000002,1.2,0.0,0.5,1.0,0.0,0.0,1.0,1.475,1.05,1.1644444444444446,1.248107448107448,1.4166666666666665,0.585858585858586,1.1644444444444446,1.217338217338217,1.2690893901420215,1.4046439628482972,1.5,1.8857142857142855,1.2837606837606834,1.3467900520532097
2022-10-09,11:30,Torino,Empoli,1,1,D,0.5,0.25,0.6666666666666666,0.411764705882353,0.375,0.47368421052631576,1.0625,1.0625,0.6666666666666665,0.6666666666666666,1.1,1.4,0.16666666666666666,1.0,0.5,0.23529411764705882,0.375,0.6842105263157894,1.4698795180722892,1.0481927710843373,0.6545454545454545,1.5436507936507935,0.6666666666666666,1.5,0.6857142857142857,1.5207070707070707,1.3468181818181821,1.4236363636363638,1.0,0.8333333333333333,1.4472222222222222,1.4322077922077923
2022-10-09,14:00,Monza,Spezia,2,0,H,0.3333333333333333,0.25,0.8333333333333333,0.23529411764705882,0.20833333333333337,0.736842105263158,1.375,1.3125,1.625,0.75,1.5,1.0,0.3333333333333333,0.5,0.6666666666666666,0.29411764705882354,0.16666666666666669,0.5789473684210527,1.4698795180722892,1.0481927710843373,1.0869747899159663,0.6555555555555556,0.7785714285714286,0.0,1.0119047619047619,0.6632478632478632,0.630050505050505,1.3331868131868132,1.0357142857142856,1.55,0.630050505050505,1.256803547329863
2022-10-09,14:00,Salernitana,Verona,2,1,H,0.16666666666666666,1.0,0.5,0.23529411764705882,0.375,0.631578947368421,1.5625,1.25,1.625,0.875,1.4,1.5999999999999999,0.16666666666666666,0.5,0.8333333333333333,0.11764705882352944,0.16666666666666669,0.894736842105263,1.4698795180722892,1.0481927710843373,1.1277777777777778,0.7462937062937063,1.5,0.75,1.1206349206349207,0.8642424242424243,3.1205594405594406,1.077777777777778,2.0,1.4583333333333333,2.9727272727272727,1.277777777777778
2022-10-09,14:00,Udinese,Atalanta,2,2,D,1.0,0.25,0.16666666666666666,0.9411764705882353,0.875,0.15789473684210525,1.25,1.25,1.0,0.875,1.5,1.1,1.0,0.5,0.0,1.0,0.875,0.05263157894736842,1.4698795180722892,1.0481927710843373,2.2552380952380955,1.20359477124183,2.625,1.157142857142857,2.2481792717086835,1.1984126984126984,0.5987179487179487,0.5733333333333334,0.3,0.0,0.7500000000000001,0.5733333333333334
2022-10-09,17:00,Cremonese,Napoli,1,4,A,0.0,0.75,0.8333333333333333,0.0,0.125,1.0,0.75,2.0625,0.6666666666666666,2.125,0.7,1.8000000000000003,1.0,0.5,0.0,1.0,1.0,0.10526315789473684,1.4698795180722892,1.0481927710843373,0.7201465201465201,1.068149394465184,0.3333333333333333,1.8084415584415583,0.7547619047619047,1.267032967032967,1.056374269005848,0.8823232323232324,2.444444444444444,0.7678571428571428,1.115873015873016,0.9634920634920636
2022-10-09,19:45,Roma,Lecce,2,1,H,0.8333333333333333,0.25,0.3333333333333333,0.7647058823529411,0.5833333333333334,0.2631578947368421,1.1875,0.9375,1.1666666666666665,0.5416666666666666,1.2000000000000002,1.2000000000000002,0.16666666666666666,1.0,0.5,0.23529411764705882,0.4166666666666667,0.8421052631578947,1.4698795180722892,1.0481927710843373,0.9856459330143542,1.0450000000000002,0.7333333333333334,1.0,0.940909090909091,1.0583333333333333,1.5788888888888888,0.8676923076923078,0.3999999999999999,1.0166666666666666,1.565079365079365,0.8951648351648351
2022-10-10,19:45,Fiorentina,Lazio,0,4,A,0.2857142857142857,0.6000000000000001,0.5,0.3,0.4444444444444444,0.631578947368421,0.75,1.5,0.9166666666666666,1.2083333333333335,0.7,1.6999999999999997,0.7142857142857142,0.4,0.16666666666666666,0.7000000000000001,0.8888888888888888,0.2631578947368421,1.4831460674157304,1.0786516853932584,0.8666666666666668,1.5087985114300904,1.4583333333333333,2.444444444444444,1.0666666666666669,1.5293498898762057,0.9869281045751634,0.846153846153846,1.0,0.3333333333333333,0.9888888888888889,0.846153846153846
2022-10-15,14:00,Empoli,Monza,1,0,H,0.14285714285714285,1.0,0.5,0.25,0.3214285714285714,0.736842105263158,1.2222222222222223,1.1111111111111112,1.375,1.25,0.8999999999999999,1.5,0.42857142857142855,0.2,0.8333333333333333,0.35,0.25,0.5789473684210527,1.4666666666666666,1.1111111111111112,1.5818860877684406,1.3778838808250573,1.1057692307692308,1.280701754385965,1.5135642135642136,1.2785714285714285,1.3718716577540107,0.30277777777777776,2.107142857142857,1.4111111111111112,1.374025974025974,0.30277777777777776
2022-10-15,17:00,Torino,Juventus,0,1,A,0.42857142857142855,0.4,0.6666666666666666,0.4,0.3214285714285714,0.47368421052631576,0.8333333333333333,1.277777777777778,0.75,0.375,0.8999999999999999,1.2,0.42857142857142855,0.8,0.3333333333333333,0.5,0.6071428571428571,0.3684210526315789,1.4666666666666666,1.1111111111111112,0.6027807486631016,0.983519404572036,0.8750000000000001,0.5,0.6275324675324676,1.0029526029526028,0.935053475935829,1.492063492063492,1.125,1.0776942355889725,0.990079365079365,1.4854700854700855
2022-10-15,19:45,Atalanta,Sassuolo,2,1,H,0.8571428571428571,0.6000000000000001,0.0,0.9,0.75,0.05263157894736842,1.3333333333333335,0.8888888888888888,1.375,0.75,1.2000000000000002,1.1,0.42857142857142855,0.6000000000000001,0.5,0.45000000000000007,0.46428571428571425,0.42105263157894735,1.4666666666666666,1.1111111111111112,0.9235947712418302,1.7060535117056859,1.3028846153846154,1.25,0.962049062049062,1.506313131313131,0.6533333333333333,0.7194805194805195,0.6666666666666666,1.0,0.6,0.7922077922077921
2022-10-16,11:30,Inter,Salernitana,2,0,H,0.7142857142857142,0.0,0.6666666666666666,0.5714285714285714,0.5,0.3684210526315789,1.6666666666666665,1.4444444444444446,2.0,0.75,1.9,1.5999999999999999,0.2857142857142857,0.8,0.5,0.3333333333333333,0.3571428571428571,0.5789473684210527,1.4516129032258065,1.096774193548387,0.9559090909090908,1.2504444444444445,1.2875776397515528,1.7,1.0553030303030302,1.2730158730158732,1.1938672768878718,2.880559440559441,1.0,2.4,1.1279411764705882,2.6977272727272728
2022-10-16,14:00,Lazio,Udinese,0,0,D,0.8571428571428571,0.4,0.16666666666666666,0.8095238095238095,1.0,0.21052631578947367,1.722222222222222,1.3333333333333333,2.0749999999999997,1.525,2.0,1.6,0.8571428571428571,0.4,0.16666666666666666,0.8095238095238095,0.75,0.15789473684210525,1.4516129032258065,1.096774193548387,1.9330409356725144,2.375238095238095,1.5809523809523809,1.7142857142857144,1.890847216079414,2.31484593837535,0.24615384615384617,0.9187179487179489,0.5619047619047619,1.416666666666667,0.24615384615384617,1.1136363636363638
2022-10-16,14:00,Spezia,Cremonese,2,2,D,0.2857142857142857,0.4,0.8333333333333333,0.23809523809523808,0.07142857142857145,0.736842105263158,1.4444444444444446,1.3333333333333333,1.775,1.125,1.4,1.3,0.0,0.6000000000000001,1.0,0.0,0.0,1.0,1.4516129032258065,1.096774193548387,0.6555555555555556,0.8153846153846154,1.0,0.9714285714285713,0.6632478632478632,0.869047619047619,1.3574292374292374,1.1442530568846359,1.4393939393939392,1.2656410256410258,1.256803547329863,1.26031746031746
2022-10-16,17:00,Napoli,Bologna,3,2,H,1.0,0.4,0.0,0.9523809523809523,0.9642857142857142,0.05263157894736842,2.0,0.8333333333333333,2.25,0.625,1.9999999999999998,0.9,0.14285714285714285,0.8,0.6666666666666666,0.19047619047619047,0.21428571428571427,0.7894736842105263,1.4516129032258065,1.096774193548387,1.3637204900362796,0.9035748792270532,1.6285714285714288,0.9166666666666666,1.6191697191697192,0.8977777777777778,0.848989898989899,1.3239913509263355,0.5657894736842106,1.3273809523809523,0.9492063492063492,1.3170940170940169
2022-10-16,19:45,Verona,Milan,1,2,A,0.14285714285714285,0.4,1.0,0.09523809523809523,0.10714285714285715,0.894736842105263,0.9444444444444444,1.9444444444444444,1.0,1.875,0.9999999999999999,2.0,0.8571428571428571,0.4,0.16666666666666666,0.8095238095238095,0.75,0.10526315789473684,1.4516129032258065,1.096774193548387,0.6662937062937063,1.4852882205513782,0.85,1.6666666666666665,0.7492424242424243,1.5467900520532099,1.1837777777777778,1.0050125313283207,1.7023809523809526,1.225,1.4134920634920636,1.0675324675324676
2022-10-17,17:30,Sampdoria,Roma,0,1,A,0.0,0.6000000000000001,0.8571428571428571,0.0,0.0,1.0,0.7777777777777777,1.6111111111111107,0.8999999999999999,1.4,1.2000000000000002,1.6,0.75,0.2,0.2857142857142857,0.6956521739130436,0.5357142857142857,0.2631578947368421,1.4591836734693877,1.1020408163265305,0.8363427422250951,0.9952153110047848,0.68,1.8857142857142857,0.784004884004884,0.9469696969696969,1.4346834885399968,1.7922222222222222,2.0912280701754384,2.0222965440356746,1.371032476295634,1.7317460317460316
2022-10-17,19:45,Lecce,Fiorentina,1,1,D,0.125,0.8,0.5714285714285714,0.17391304347826092,0.3214285714285714,0.8421052631578947,1.0555555555555556,1.0,1.0,0.75,1.3000000000000003,1.0,0.25,0.6000000000000001,0.5714285714285714,0.2608695652173913,0.2857142857142857,0.736842105263158,1.4591836734693877,1.1020408163265305,0.9583333333333334,0.8666666666666668,0.7777777777777778,0.5,0.925,1.0666666666666669,1.1122267206477734,1.3202614379084967,1.2976190476190474,1.1041666666666665,1.136190476190476,1.2594771241830067
2022-10-21,19:45,Juventus,Empoli,4,0,H,0.5,0.8,0.2857142857142857,0.5652173913043478,0.6551724137931034,0.3684210526315789,1.2000000000000002,0.8,1.6,0.8,1.1999999999999997,0.9999999999999999,0.25,1.0,0.42857142857142855,0.3478260869565218,0.3793103448275862,0.47368421052631576,1.44,1.1,0.9622633659246931,0.9455224514048043,1.5133333333333332,1.5,0.9918414918414916,0.9357864357864358,1.0920634920634922,0.9718716577540107,1.3599999999999999,0.9666666666666668,1.0854700854700856,0.974025974025974
2022-10-22,14:00,Salernitana,Spezia,1,0,H,0.25,0.8,0.5714285714285714,0.30434782608695654,0.3103448275862069,0.5789473684210527,1.5499999999999998,1.25,2.0999999999999996,0.5999999999999999,1.5,1.6,0.25,0.6000000000000001,0.7142857142857142,0.2608695652173913,0.10344827586206895,0.736842105263158,1.4653465346534653,1.0891089108910892,0.8504444444444446,0.5769230769230769,1.4461538461538461,0.0,0.8730158730158731,0.5934065934065934,2.320559440559441,1.3374292374292374,1.8285714285714285,1.4861538461538462,2.1082535885167464,1.2444958550221705
2022-10-22,17:00,Milan,Monza,4,1,H,0.875,0.4,0.14285714285714285,0.8695652173913045,0.7931034482758621,0.10526315789473684,1.75,0.9500000000000001,2.0999999999999996,1.0,1.2,1.2,0.375,0.2,0.8571428571428571,0.3043478260869566,0.2413793103448276,0.6842105263157894,1.4653465346534653,1.0891089108910892,1.291002506265664,1.3778838808250573,1.525964912280702,1.024561403508772,1.3467900520532097,1.2785714285714285,0.9501105705440069,0.28863636363636364,0.9381818181818182,1.2743434343434346,1.000865800865801,0.3472222222222222
2022-10-22,19:45,Fiorentina,Inter,3,4,A,0.25,0.8,0.5714285714285714,0.3043478260869566,0.3103448275862069,0.631578947368421,1.1,1.5,1.7000000000000002,1.5,1.0,1.5,0.75,0.0,0.5714285714285714,0.6521739130434783,0.5862068965517242,0.3684210526315789,1.4653465346534653,1.0891089108910892,0.6666666666666667,0.9292424242424243,1.1666666666666665,1.448888888888889,0.8666666666666668,0.9991626794258371,1.3319573443412451,0.793867276887872,1.4620689655172412,1.2341176470588235,1.2355455002513827,0.7279411764705882
2022-10-23,11:30,Udinese,Torino,1,2,A,0.75,0.6000000000000001,0.14285714285714285,0.7826086956521738,0.7586206896551724,0.21052631578947367,1.5499999999999998,0.9,1.9,0.9000000000000001,1.7,0.7,0.375,0.4,0.7142857142857142,0.3478260869565218,0.3103448275862069,0.5789473684210527,1.5,1.1057692307692308,1.3085714285714285,0.4427807486631016,2.5,1.1859649122807019,1.2481792717086833,0.4675324675324675,0.9187179487179489,1.0915752150662636,0.6971428571428572,1.4285714285714286,1.1136363636363638,1.1567460317460316
2022-10-23,14:00,Bologna,Lecce,2,0,H,0.125,0.8,0.7142857142857142,0.17391304347826092,0.20689655172413796,0.8421052631578947,1.1,1.3000000000000003,1.1,0.9,1.1,1.5,0.125,1.0,0.5714285714285714,0.21739130434782614,0.3448275862068966,0.7894736842105263,1.5,1.1057692307692308,1.0635748792270534,1.1478070175438597,1.2424242424242424,1.1692307692307693,1.0222222222222221,1.0788461538461538,1.2684357953707799,1.1522267206477732,1.44,1.1561904761904762,1.2615384615384615,1.1761904761904762
2022-10-23,17:00,Atalanta,Lazio,0,2,A,0.875,0.6000000000000001,0.0,0.9130434782608697,0.7931034482758621,0.10526315789473684,1.05,1.35,0.9249999999999999,1.525,0.7,1.8,0.75,0.6000000000000001,0.14285714285714285,0.7826086956521741,1.0,0.2631578947368421,1.5,1.1057692307692308,1.0458169934640522,1.7552631578947366,1.3332167832167834,2.6609195402298846,1.1176046176046175,1.7130694383016365,0.8783333333333333,0.0,0.8,0.25,0.7818181818181819,0.0
2022-10-23,19:45,Roma,Napoli,0,1,A,0.875,0.2,0.2857142857142857,0.8260869565217394,0.5862068965517242,0.15789473684210525,1.1,1.7000000000000002,1.25,1.5499999999999998,1.1999999999999997,1.7000000000000002,1.0,0.4,0.0,1.0,1.0,0.05263157894736842,1.5,1.1057692307692308,1.1193532420392676,1.4175666438824335,0.9785714285714286,1.8232238349885406,1.0719696969696968,1.6730158730158728,0.7255555555555555,1.1512121212121211,0.7615384615384615,0.9142857142857143,0.665079365079365,1.2158730158730158
2022-10-24,17:30,Cremonese,Sampdoria,0,1,A,0.0,0.8,0.8571428571428571,0.038461538461538464,0.032258064516129004,0.9473684210526316,1.3500000000000003,1.3000000000000003,1.375,1.625,1.4,1.5000000000000002,0.0,0.6000000000000001,1.0,0.0,0.0,1.0,1.4722222222222223,1.1111111111111112,1.1153846153846154,0.6585649644473174,0.625,0.7393939393939395,1.1767399267399266,0.6062271062271062,1.4211761338077127,1.2679123286653886,2.303921568627451,1.5506493506493506,1.5460317460317459,1.205123385386543
2022-10-24,19:45,Sassuolo,Verona,2,1,H,0.3333333333333333,0.6000000000000001,0.5714285714285714,0.34615384615384615,0.4193548387096775,0.5263157894736843,1.5499999999999998,1.05,1.6,0.8,1.9,1.0,0.1111111111111111,0.4,1.0,0.07692307692307693,0.0967741935483871,0.894736842105263,1.4722222222222223,1.1111111111111112,1.9310535117056857,0.5871493212669684,1.6274509803921569,0.8285714285714285,1.6881313131313127,0.6583333333333334,1.0194805194805194,1.2117142857142857,0.9555555555555555,1.4128205128205127,1.1255411255411254,1.4357142857142857
2022-10-29,14:00,Napoli,Sassuolo,4,0,H,1.0,0.4,0.0,0.9999999999999999,0.9677419354838709,0.0,1.7727272727272727,1.0454545454545454,1.9,0.8,1.8,1.5,0.4444444444444444,0.6000000000000001,0.5,0.44000000000000006,0.4516129032258065,0.42105263157894735,1.4636363636363636,1.1090909090909091,1.4399756074678676,1.9391180278347182,1.5695238095238095,1.2666666666666666,1.695424836601307,1.6486576289207868,1.1512121212121211,0.7813852813852813,1.0926315789473686,1.090909090909091,1.2158730158730158,0.8969696969696969
2022-10-29,17:00,Lecce,Juventus,0,1,A,0.1111111111111111,1.0,0.625,0.16000000000000003,0.2580645161290323,0.8421052631578947,0.7272727272727273,1.4090909090909092,0.9,0.7999999999999999,0.8,1.4999999999999998,0.5555555555555556,0.8,0.25,0.6000000000000001,0.7419354838709679,0.3684210526315789,1.4636363636363636,1.1090909090909091,1.0228070175438597,1.265293668954996,0.8222222222222222,0.9333333333333332,0.9538461538461538,1.294871794871795,1.265863084284137,0.6476190476190476,1.3047619047619046,0.862155388471178,1.28982683982684,0.6410256410256411
2022-10-29,19:45,Inter,Sampdoria,3,0,H,0.7777777777777777,0.0,0.5,0.68,0.5806451612903226,0.2631578947368421,1.8181818181818183,1.0454545454545454,1.9,0.7,1.6999999999999997,1.2,0.1111111111111111,0.6000000000000001,0.875,0.08,0.03225806451612901,0.894736842105263,1.4636363636363636,1.1090909090909091,1.3375757575757574,0.5266968325791854,1.2300621118012423,0.7145920745920746,1.4074960127591705,0.45384615384615384,1.3393218223424175,1.057386012875915,0.8,1.2405194805194806,1.3279411764705882,0.9945970695970695
2022-10-30,11:30,Empoli,Atalanta,0,2,A,0.2,1.0,0.5,0.25,0.24999999999999997,0.5789473684210527,0.7727272727272727,1.409090909090909,0.6000000000000001,1.4,0.9,1.4,0.7000000000000001,0.6000000000000001,0.125,0.7142857142857142,0.638888888888889,0.10526315789473684,1.4867256637168142,1.0884955752212389,0.7233002291825821,0.934705882352941,1.03006993006993,1.3828571428571428,0.7135642135642136,1.0064935064935063,1.2749019607843137,0.8412962962962963,1.6857142857142857,0.4,1.2770562770562772,0.6707070707070707
2022-10-30,14:00,Cremonese,Udinese,0,0,D,0.0,0.8,0.875,0.0,0.05555555555555554,1.0,0.9545454545454546,1.909090909090909,0.9000000000000001,2.0,1.0,2.0,0.6000000000000001,0.6000000000000001,0.25,0.6071428571428572,0.638888888888889,0.3684210526315789,1.4867256637168142,1.0884955752212389,0.7820512820512822,1.0090322580645164,0.5,1.3714285714285714,0.8434065934065934,0.9372549019607842,1.4639111765427555,1.113162393162393,1.9662141779788835,1.1333333333333335,1.568253968253968,1.4350649350649352
2022-10-30,14:00,Spezia,Fiorentina,1,2,A,0.2,0.6000000000000001,0.75,0.17857142857142855,0.11111111111111113,0.7894736842105263,1.1363636363636365,1.4090909090909092,1.4,0.8999999999999998,1.4,1.6,0.2,0.8,0.625,0.21428571428571425,0.2777777777777778,0.631578947368421,1.4867256637168142,1.0884955752212389,0.5769230769230769,1.0454545454545454,1.0253521126760563,0.6666666666666666,0.5934065934065934,1.3,1.3712234002556583,1.4208462332301341,1.507070707070707,1.0833333333333333,1.2825910931174087,1.3244343891402717
2022-10-30,17:00,Lazio,Salernitana,1,3,A,0.7000000000000001,0.6000000000000001,0.125,0.7142857142857142,0.9166666666666669,0.15789473684210525,1.7727272727272725,0.8181818181818181,1.9999999999999998,0.6333333333333333,2.4,0.39999999999999997,0.30000000000000004,0.8,0.5,0.3214285714285714,0.33333333333333337,0.5263157894736843,1.4867256637168142,1.0884955752212389,1.801559454191033,0.5350322580645163,1.1809523809523808,1.3599999999999999,1.6852916605238586,0.5619047619047619,0.0,1.956923076923077,0.36190476190476184,2.12,0.0,1.7446172248803826
2022-10-30,19:45,Torino,Milan,2,1,H,0.4,0.4,0.625,0.35714285714285715,0.33333333333333337,0.47368421052631576,0.9545454545454546,1.6818181818181819,0.6000000000000001,1.1,0.9,1.8999999999999995,0.8,0.4,0.125,0.7857142857142856,0.7777777777777779,0.05263157894736842,1.4867256637168142,1.0884955752212389,0.8872251931075461,1.5376190476190474,0.7000000000000001,1.5466666666666664,1.0389610389610389,1.802930402930403,1.0956074731307799,0.874922600619195,1.4333333333333331,1.1800000000000002,1.149393090569561,0.8818181818181818
2022-10-31,17:30,Verona,Roma,1,3,A,0.1,0.4,1.0,0.0,0.1111111111111111,0.9473684210526316,0.9090909090909091,1.5454545454545454,1.1833333333333331,1.6833333333333333,0.8,1.5,0.7000000000000001,0.2,0.375,0.6296296296296295,0.5,0.3157894736842105,1.4576271186440677,1.1101694915254237,0.7776255117431589,0.7557168784029038,0.8800000000000001,1.8285714285714285,0.8583333333333334,0.7083333333333333,1.219778801843318,0.6209803921568626,1.5752380952380953,2.0222965440356746,1.3962406015037594,0.5605042016806723
2022-10-31,19:45,Monza,Bologna,1,2,A,0.30000000000000004,0.2,0.875,0.18518518518518517,0.16666666666666666,0.6842105263157894,1.2272727272727273,1.4090909090909092,1.7,1.1,1.5000000000000002,0.9999999999999999,0.2,0.8,0.625,0.18518518518518517,0.2777777777777778,0.736842105263158,1.4576271186440677,1.1101694915254237,1.338410196614531,0.9827667984189723,0.8690109890109892,1.3733333333333335,1.195238095238095,0.9414141414141414,0.6207792207792208,1.1017691287041131,0.8285714285714285,1.3285714285714285,0.888888888888889,1.094871794871795
2022-11-04,19:45,Udinese,Lecce,1,1,D,0.6000000000000001,0.8,0.2222222222222222,0.6296296296296295,0.6388888888888888,0.3684210526315789,1.4583333333333335,0.875,1.5833333333333335,0.75,1.2000000000000002,0.8,0.1,1.0,0.6666666666666666,0.1111111111111111,0.25,0.8421052631578947,1.45,1.1333333333333333,0.6490322580645163,0.5428070175438596,2.605263157894737,1.1692307692307693,0.5843137254901961,0.45384615384615384,0.9798290598290599,1.2577985681551047,1.1415873015873015,1.3198268398268398,1.2683982683982684,1.2803030303030303
2022-11-05,14:00,Empoli,Sassuolo,1,0,H,0.2,0.8333333333333333,0.5555555555555556,0.2222222222222222,0.19444444444444442,0.6842105263157894,1.0833333333333333,1.291666666666667,1.25,1.0,1.2,1.9,0.4,0.5,0.5555555555555556,0.3703703703703704,0.33333333333333337,0.5263157894736843,1.4462809917355373,1.1322314049586777,0.5518716577540107,1.699118027834718,1.03006993006993,1.2666666666666666,0.546897546897547,1.4264354066985645,1.558772928526249,1.2326673326673325,1.9714285714285715,0.9119617224880383,1.562770562770563,1.3414141414141414
2022-11-05,14:00,Salernitana,Cremonese,2,2,D,0.4,0.6666666666666666,0.4444444444444444,0.4074074074074074,0.38888888888888895,0.47368421052631576,1.5833333333333335,1.0833333333333335,1.7499999999999996,1.0833333333333335,1.4,1.3,0.0,0.8333333333333333,0.7777777777777777,0.0,0.05555555555555554,1.0,1.4462809917355373,1.1322314049586777,1.1183655913978494,0.7820512820512822,1.5413919413919415,0.9269841269841269,1.9190476190476193,0.8434065934065934,1.5897435897435899,0.9586480186480186,1.6285714285714286,0.8909931383170819,1.327950558213716,0.9968253968253968
2022-11-05,17:00,Atalanta,Napoli,1,2,A,0.8,0.5,0.1111111111111111,0.8148148148148149,0.6944444444444445,0.05263157894736842,1.125,1.5833333333333333,1.0833333333333335,1.6666666666666667,1.1,2.0,1.0,0.3333333333333333,0.0,1.0,1.0,0.0,1.4462809917355373,1.1322314049586777,1.068576850094877,1.6386260798025503,1.1332167832167834,0.9522560930530573,1.1493506493506493,1.8065359477124183,0.8412962962962963,1.0012121212121212,0.862295081967213,0.5142857142857142,0.6707070707070707,1.0158730158730158
2022-11-05,19:45,Milan,Spezia,2,1,H,0.8,0.3333333333333333,0.2222222222222222,0.7777777777777777,0.7500000000000002,0.10526315789473684,1.9583333333333335,0.9583333333333334,2.416666666666667,0.5833333333333335,2.3000000000000003,0.8,0.2,0.5,0.7777777777777777,0.14814814814814814,0.08333333333333333,0.7894736842105263,1.4462809917355373,1.1322314049586777,1.5065379665379666,0.4529230769230768,1.1069172932330829,0.0,1.70819356082514,0.42857142857142855,1.0413386407194456,1.470478983382209,0.7381818181818183,0.9813919413919414,0.9929292929292931,1.378744939271255
2022-11-06,11:30,Bologna,Torino,2,1,H,0.2727272727272727,0.6666666666666666,0.5555555555555556,0.2666666666666667,0.2972972972972973,0.6842105263157894,1.1666666666666667,1.25,1.416666666666667,1.0833333333333333,1.3999999999999997,1.4,0.4545454545454546,0.3333333333333333,0.5555555555555556,0.4,0.35135135135135137,0.42105263157894735,1.448,1.136,1.2666377661609078,1.306272812155165,1.406060606060606,1.230409356725146,1.3414141414141416,1.4834054834054835,1.0933035202385049,0.9745263920496988,1.24,1.3338345864661654,1.0615384615384613,1.0324340262420757
2022-11-06,14:00,Monza,Verona,2,0,H,0.2727272727272727,0.16666666666666666,0.8888888888888888,0.16666666666666666,0.13513513513513514,0.736842105263158,1.458333333333333,1.3333333333333335,1.3333333333333333,1.0,1.8,1.2,0.09090909090909091,0.3333333333333333,1.0,0.0,0.05405405405405406,1.0,1.448,1.136,1.158516016720351,0.9976255117431588,0.7866580478345184,0.8785714285714284,0.9952380952380953,1.1083333333333334,0.9046501885211562,1.308014095960965,0.7922077922077921,1.4628205128205127,1.288888888888889,1.2962406015037593
2022-11-06,14:00,Sampdoria,Fiorentina,0,2,A,0.09090909090909091,0.5,0.8888888888888888,0.033333333333333354,0.0,0.894736842105263,0.9583333333333333,1.4166666666666665,0.6666666666666667,1.0833333333333335,1.3000000000000003,1.4,0.2727272727272727,0.6666666666666666,0.5555555555555556,0.2666666666666667,0.2972972972972973,0.631578947368421,1.448,1.136,0.34208144796380086,1.029325513196481,0.68,1.1111111111111112,0.3,1.05,1.0873860128759147,1.596846233230134,1.834085213032581,1.226190476190476,1.03984593837535,1.4672915319974145
2022-11-06,17:00,Roma,Lazio,0,1,A,0.7272727272727273,0.16666666666666666,0.3333333333333333,0.6666666666666667,0.5405405405405406,0.15789473684210525,1.0,1.4583333333333333,0.7,1.4000000000000001,1.1,1.5000000000000002,0.6363636363636364,0.5,0.2222222222222222,0.6333333333333334,0.8378378378378379,0.21052631578947367,1.448,1.136,1.1439521725205508,1.409116809116809,0.7828571428571429,2.3910307141511207,1.1083333333333332,1.1971964224286205,0.6909803921568627,0.7333333333333334,0.7382630272952854,0.2,0.6676470588235294,1.5000000000000002
2022-11-06,19:45,Juventus,Inter,2,0,H,0.5454545454545454,0.6666666666666666,0.2222222222222222,0.5666666666666667,0.7027027027027027,0.3684210526315789,1.4583333333333335,1.3333333333333333,2.416666666666667,1.25,1.5,1.4,0.7272727272727273,0.0,0.4444444444444444,0.6333333333333334,0.6216216216216217,0.2631578947368421,1.448,1.136,1.407229152825964,1.5342424242424244,1.4133333333333333,1.5822222222222222,1.4282051282051282,1.593770522563092,0.30476190476190473,0.9793218223424173,1.3599999999999999,1.387058823529412,0.30769230769230776,0.975
2022-11-08,17:30,Napoli,Empoli,2,0,H,1.0,0.3333333333333333,0.0,1.0,1.0,0.0,1.8846153846153846,0.7692307692307693,2.083333333333333,0.7500000000000002,2.1,0.7,0.2727272727272727,0.8333333333333333,0.5,0.30000000000000004,0.2564102564102564,0.6842105263157894,1.4384615384615385,1.123076923076923,1.509439476931737,0.5364870423693953,1.1905764411027568,1.5,1.5065359477124183,0.5317460317460319,0.9244444444444444,1.1387729285262491,1.0926315789473686,1.2666666666666668,0.9119769119769121,1.1341991341991344
2022-11-08,17:30,Spezia,Udinese,1,1,D,0.18181818181818182,0.5,0.8,0.13333333333333333,0.10256410256410259,0.7894736842105263,0.923076923076923,1.7307692307692308,1.4166666666666667,1.5,0.8999999999999999,1.3000000000000003,0.5454545454545454,0.8333333333333333,0.2,0.6,0.641025641025641,0.3684210526315789,1.4384615384615385,1.123076923076923,0.6616187290969899,0.5861751152073732,0.9682092555331993,0.9714285714285715,0.6785714285714286,0.5509803921568628,1.2080676358644786,0.993015873015873,1.9515151515151516,0.33333333333333337,1.1316053511705686,1.185064935064935
2022-11-08,19:45,Cremonese,Milan,0,0,D,0.0,1.0,0.7000000000000001,0.033333333333333354,0.10256410256410259,0.9473684210526316,0.9615384615384615,1.9615384615384617,0.6666666666666667,1.6666666666666665,1.0,2.0,0.8181818181818182,0.3333333333333333,0.2,0.8,0.7692307692307692,0.05263157894736842,1.4384615384615385,1.123076923076923,0.9358974358974358,1.2907932856869027,0.3,1.5284848484848483,0.9010989010989011,1.453535175731972,1.071279597595387,1.0500342928933588,1.5662141779788836,1.646666666666667,1.1492063492063491,1.0611111111111111
2022-11-09,17:30,Lecce,Atalanta,2,1,H,0.08333333333333333,0.8571428571428571,0.6000000000000001,0.12121212121212119,0.2682926829268293,0.8421052631578947,0.7692307692307692,1.346153846153846,0.5833333333333335,1.416666666666667,0.9999999999999998,1.4,0.6666666666666666,0.42857142857142855,0.2,0.6666666666666667,0.6341463414634146,0.10526315789473684,1.4285714285714286,1.105263157894737,0.6313784461152883,1.0816487455197135,0.6222222222222222,1.2685714285714285,0.5705128205128205,1.1645021645021645,1.1795568099133464,1.0939278752436647,1.1547619047619047,0.4,1.1969696969696968,0.8707070707070705
2022-11-09,17:30,Sassuolo,Roma,1,1,D,0.3333333333333333,0.42857142857142855,0.6000000000000001,0.3030303030303031,0.3170731707317074,0.631578947368421,1.0,1.3076923076923077,1.4047619047619047,1.2142857142857144,0.8,1.6,0.6666666666666666,0.14285714285714285,0.4,0.6060606060606061,0.5121951219512195,0.2631578947368421,1.4285714285714286,1.105263157894737,0.622194950911641,0.8492153304152877,1.6774509803921567,1.7850070721357851,0.5173444976076554,0.8583333333333332,1.4172827172827174,0.6881232492997199,1.2055555555555555,2.0579772952093838,1.508080808080808,0.6676470588235294
2022-11-09,19:45,Fiorentina,Salernitana,2,1,H,0.3333333333333333,0.5714285714285714,0.5,0.33333333333333337,0.3658536585365854,0.5263157894736843,1.3076923076923077,1.346153846153846,1.6666666666666665,1.4166666666666665,1.4,1.8,0.3333333333333333,0.7142857142857142,0.4,0.36363636363636365,0.3902439024390244,0.47368421052631576,1.4285714285714286,1.105263157894737,1.3116784543729516,1.370997170345218,0.9196078431372549,2.3073684210526317,1.3357142857142859,2.204761904761905,1.4321403508771928,0.8820512820512821,1.5954022988505745,2.2199999999999998,1.300624865330748,0.7265519568151146
2022-11-09,19:45,Inter,Bologna,6,1,H,0.6666666666666666,0.0,0.5,0.5757575757575758,0.5609756097560976,0.3157894736842105,1.6923076923076925,1.3461538461538463,2.1666666666666665,0.8333333333333334,1.7000000000000002,1.5,0.3333333333333333,0.5714285714285714,0.5,0.33333333333333337,0.34146341463414637,0.5789473684210527,1.4285714285714286,1.105263157894737,1.394242424242424,1.6094949090180506,0.9458515854854529,1.536969696969697,1.4604371892297587,1.6271284271284272,0.9588706945228683,0.81119825708061,0.8,1.0462184873949578,0.9916666666666666,0.7428571428571429
2022-11-09,19:45,Torino,Sampdoria,2,0,H,0.41666666666666663,0.2857142857142857,0.6000000000000001,0.36363636363636365,0.34146341463414637,0.42105263157894735,1.3846153846153844,0.846153846153846,1.3333333333333333,0.6666666666666667,1.3000000000000003,0.8,0.08333333333333333,0.42857142857142855,0.9,0.030303030303030304,0.0,0.9473684210526316,1.4285714285714286,1.105263157894737,1.2117273576097107,0.34208144796380086,1.3666666666666667,0.7145920745920746,1.3405483405483407,0.3,0.9355653530886597,0.8756213069935621,1.6151515151515148,0.756308954203691,0.8181483119563616,0.8969887955182074
2022-11-10,17:30,Verona,Juventus,0,1,A,0.08333333333333333,0.2857142857142857,1.0,0.0,0.09302325581395349,1.0,0.6923076923076923,1.7692307692307694,0.9166666666666667,1.416666666666667,0.6,1.9,0.5833333333333333,0.5714285714285714,0.2,0.6060606060606061,0.7441860465116279,0.3157894736842105,1.4710144927536233,1.0942028985507246,0.7822408963585434,1.2394096039537834,0.6490140845070423,1.1833333333333331,0.775,1.2333333333333334,1.3822998102466795,0.30476190476190473,0.9316737388024517,0.862155388471178,1.3184628237259814,0.30769230769230776
2022-11-10,19:45,Lazio,Monza,1,0,H,0.6666666666666666,0.42857142857142855,0.2,0.6666666666666667,0.8372093023255813,0.15789473684210525,1.7692307692307692,0.8076923076923077,2.011904761904762,0.9166666666666667,1.5,0.8999999999999999,0.3333333333333333,0.14285714285714285,0.8,0.2424242424242424,0.2558139534883721,0.736842105263158,1.4710144927536233,1.0942028985507246,1.0795929995929996,0.938684083947242,0.880952380952381,1.224561403508772,0.9094771241830066,0.7888888888888889,0.7333333333333334,0.9046501885211562,1.1759398496240603,0.8552958152958153,1.5000000000000002,1.288888888888889
2022-11-11,19:45,Empoli,Cremonese,2,0,H,0.25,0.7142857142857142,0.5454545454545454,0.2727272727272727,0.23255813953488375,0.6842105263157894,1.2142857142857144,1.0714285714285714,1.2857142857142856,1.2142857142857142,0.7,1.2000000000000002,0.0,1.0,0.6363636363636364,0.06060606060606061,0.13953488372093026,0.894736842105263,1.457142857142857,1.0857142857142856,0.34825174825174826,0.6692307692307692,0.7900699300699301,1.296214896214896,0.38888888888888895,0.6153846153846153,1.1627825323677858,0.6834008097165991,1.5714285714285716,0.9195645668885106,1.142857142857143,0.7047619047619047
2022-11-12,14:00,Napoli,Udinese,3,2,H,1.0,0.2857142857142857,0.0,1.0,1.0,0.0,1.714285714285714,1.1428571428571428,1.857142857142857,1.0,1.5999999999999996,0.6,0.5,0.8571428571428571,0.18181818181818182,0.5757575757575758,0.627906976744186,0.3684210526315789,1.4609929078014185,1.0780141843971631,1.3338055870121328,0.3817306707629288,1.3025764411027567,0.9047619047619048,1.2525676937441645,0.43815987933634987,0.6577777777777778,0.8896825396825397,0.8926315789473686,0.3945098039215686,0.6262626262626263,1.0436507936507937
2022-11-12,17:00,Sampdoria,Lecce,0,2,A,0.08333333333333333,0.42857142857142855,0.9090909090909092,0.030303030303030304,0.0,0.9473684210526316,0.8214285714285713,1.3214285714285714,0.785714285714286,1.1428571428571428,0.6999999999999998,1.2,0.16666666666666666,0.8571428571428571,0.5454545454545454,0.21212121212121213,0.32558139534883723,0.7894736842105263,1.4609929078014185,1.0780141843971631,0.1538461538461538,0.9380451127819548,0.68,1.235897435897436,0.1333333333333333,0.803846153846154,1.0253797610998423,0.9912861332216171,2.20331598226335,1.366142629300524,1.0713477698771816,1.0064935064935066
2022-11-12,19:45,Bologna,Sassuolo,3,0,H,0.3333333333333333,0.5714285714285714,0.5454545454545454,0.33333333333333337,0.2558139534883721,0.6842105263157894,1.2857142857142856,1.4285714285714286,1.5,0.7142857142857142,1.8,1.5,0.3333333333333333,0.5714285714285714,0.5454545454545454,0.33333333333333337,0.3488372093023256,0.631578947368421,1.4609929078014185,1.0780141843971631,1.6189359028068704,0.6830645161290323,1.2884135472370766,0.8666666666666666,1.6271284271284272,0.6423444976076554,1.332053872053872,1.2793148028442145,1.0246153846153847,0.8719617224880383,1.2820728291316528,1.2694444444444444
2022-11-13,11:30,Atalanta,Inter,2,3,A,0.6153846153846154,0.42857142857142855,0.2727272727272727,0.6111111111111112,0.6304347826086956,0.21052631578947367,1.4285714285714284,1.5357142857142856,1.7857142857142856,1.4285714285714286,1.2,2.1999999999999997,0.6923076923076923,0.0,0.4545454545454546,0.6111111111111112,0.6956521739130435,0.2631578947368421,1.4722222222222223,1.0833333333333333,0.9102201740911419,1.8124242424242425,0.7178321678321677,1.4488888888888887,0.9437229437229437,1.8026831785345716,1.2939278752436647,0.9683116883116882,0.9689617486338797,1.1525760649087222,1.004040404040404,1.0
2022-11-13,14:00,Monza,Salernitana,3,0,H,0.3076923076923077,0.14285714285714285,0.8181818181818182,0.2222222222222222,0.2608695652173913,0.7894736842105263,1.2142857142857142,1.4642857142857142,1.5,1.0714285714285714,1.1,1.5,0.3076923076923077,0.7142857142857142,0.4545454545454546,0.3333333333333333,0.4130434782608695,0.5789473684210527,1.4722222222222223,1.0833333333333333,0.647774993038151,1.2635685989166467,1.0066580478345184,2.0485448916408666,0.5222222222222223,2.0301587301587305,1.0176936667820258,1.0279336349924584,0.5922077922077922,2.06,1.4222222222222223,0.8872662425294005
2022-11-13,14:00,Roma,Torino,1,1,D,0.6153846153846154,0.2857142857142857,0.36363636363636365,0.5833333333333333,0.5434782608695652,0.3157894736842105,1.1785714285714286,1.0,1.3571428571428572,0.976190476190476,1.0,1.1,0.46153846153846156,0.2857142857142857,0.5454545454545454,0.4166666666666667,0.43478260869565216,0.42105263157894735,1.4722222222222223,1.0833333333333333,0.665314401622718,1.3123809523809524,0.582857142857143,1.015024741340531,0.65,1.4664224664224663,0.6747899159663866,0.7473300589710126,0.8811201701524283,1.4161875276426357,0.7509803921568627,0.6752911690992187
2022-11-13,14:00,Verona,Spezia,1,2,A,0.07692307692307693,0.2857142857142857,1.0,0.0,0.10869565217391303,1.0,1.2857142857142856,1.3928571428571428,1.5714285714285714,1.1428571428571428,1.1,1.5,0.15384615384615385,0.5714285714285714,0.7272727272727273,0.1388888888888889,0.17391304347826086,0.8421052631578947,1.4722222222222223,1.0833333333333333,0.6222408963585434,0.8782853957636565,0.6490140845070423,0.34285714285714275,0.65,0.9007936507936508,1.239343288507549,1.0327141005109433,1.0157073522478297,0.9869091827712516,1.1380116959064326,1.0187848383500557
2022-11-13,17:00,Milan,Fiorentina,2,1,H,0.6923076923076923,0.42857142857142855,0.18181818181818182,0.6944444444444444,0.7391304347826086,0.05263157894736842,1.6071428571428572,1.1071428571428572,1.7142857142857144,0.9999999999999998,1.6,1.5,0.38461538461538464,0.5714285714285714,0.4545454545454546,0.3888888888888889,0.43478260869565216,0.47368421052631576,1.4722222222222223,1.0833333333333333,0.9860313809249979,1.617560807314128,1.1391012012790598,1.4803418803418802,1.1458428680396644,1.6214285714285714,1.0500342928933588,1.0473784461152882,1.081038961038961,1.026190476190476,1.0611111111111111,0.941147741147741
2022-11-13,19:45,Juventus,Lazio,3,0,H,0.6153846153846154,0.5714285714285714,0.18181818181818182,0.6388888888888888,0.7608695652173914,0.15789473684210525,1.0357142857142856,1.1785714285714286,1.2976190476190474,1.214285714285714,1.2,0.49999999999999994,0.6923076923076923,0.42857142857142855,0.18181818181818182,0.6944444444444444,0.8478260869565217,0.10526315789473684,1.4722222222222223,1.0833333333333333,1.352453082214653,0.6593031445205358,1.4455172413793105,2.5338878570082635,1.3385964912280701,0.5722222222222222,0.0,0.7333333333333334,0.96,0.2,0.0,1.5000000000000002
